model,run_id,valid,n_terms,message,raw_output
A,1,True,8,ok (8 terms),Eg = a0 + a1*Sn + a2*Br + a3*Cl + a4*Cs + a5*Sn^2 + a6*Br^2 + a7*Cs*Sn + a8*Cs*Br
A,2,True,10,ok (10 terms),Eg = a0 + a1*Sn + a2*Br + a3*Cl + a4*Cs + a5*Sn^2 + a6*Br^2 + a7*Cl^2 + a8*Cs^2 + a9*Cs*Sn + a10*Sn*Br
A,3,True,9,ok (9 terms),Eg = a0 + a1*Sn + a2*Br + a3*Cl + a4*Cs + a5*Sn^2 + a6*Br^2 + a7*Cs*Sn + a8*Cs*Br + a9*Sn*Br
A,4,True,11,ok (11 terms),Eg = a0 + a1*Sn + a2*Br + a3*Cl + a4*Cs + a5*Sn^2 + a6*Br^2 + a7*Cl^2 + a8*Cs*Sn + a9*Cs*Br + a10*Cs*Cl + a11*Sn*Br
A,5,True,10,ok (10 terms),Eg = a0 + a1*Sn + a2*Br + a3*Cl + a4*Cs + a5*Sn^2 + a6*Br^2 + a7*Cs^2 + a8*Cs*Sn + a9*Cs*Br + a10*Cs*Cl
A,6,True,10,ok (10 terms),Eg = a0 + a1*Sn + a2*Br + a3*Cl + a4*Cs + a5*Sn^2 + a6*Br^2 + a7*Cl^2 + a8*Cs^2 + a9*Cs*Sn + a10*Cs*Br
A,7,True,10,ok (10 terms),Eg = a0 + a1*Sn + a2*Br + a3*Cl + a4*Cs + a5*Sn^2 + a6*Br^2 + a7*Cl^2 + a8*Cs*Sn + a9*Sn*Br + a10*Br*Cl
A,8,True,10,ok (10 terms),Eg = a0 + a1*Sn + a2*Br + a3*Cl + a4*Cs + a5*Sn^2 + a6*Br^2 + a7*Cs*Sn + a8*Cs*Br + a9*Cs*Cl + a10*Sn*Br
A,9,True,10,ok (10 terms),Eg = a0 + a1*Sn + a2*Br + a3*Cl + a4*Cs + a5*Sn^2 + a6*Br^2 + a7*Cl^2 + a8*Cs*Sn + a9*Cs*Br + a10*Cs*Cl
A,10,True,11,ok (11 terms),Eg = a0 + a1*Sn + a2*Br + a3*Cl + a4*Cs + a5*Sn^2 + a6*Br^2 + a7*Cl^2 + a8*Cs^2 + a9*Cs*Sn + a10*Cs*Br + a11*Sn*Br
A,11,True,11,ok (11 terms),Eg = a0 + a1*Sn + a2*Br + a3*Cl + a4*Cs + a5*Sn^2 + a6*Br^2 + a7*Cl^2 + a8*Cs*Sn + a9*Cs*Br + a10*Cs*Cl + a11*Sn*Br
A,12,True,10,ok (10 terms),Eg = a0 + a1*Sn + a2*Br + a3*Cl + a4*Cs + a5*Sn^2 + a6*Br^2 + a7*Cl^2 + a8*Cs*Sn + a9*Cs*Br + a10*Sn*Br
A,13,True,9,ok (9 terms),Eg = a0 + a1*Sn + a2*Br + a3*Cl + a4*Cs + a5*Sn^2 + a6*Br^2 + a7*Cs^2 + a8*Cs*Sn + a9*Cs*Br
A,14,True,8,ok (8 terms),Eg = a0 + a1*Sn + a2*Br + a3*Cl + a4*Cs + a5*Sn^2 + a6*Br^2 + a7*Cl^2 + a8*Cs*Sn
A,15,True,9,ok (9 terms),Eg = a0 + a1*Sn + a2*Br + a3*Cl + a4*Cs + a5*Sn^2 + a6*Br^2 + a7*Cs*Sn + a8*Cs*Br + a9*Cs*Cl
A,16,True,11,ok (11 terms),Eg = a0 + a1*Sn + a2*Br + a3*Cl + a4*Cs + a5*Sn^2 + a6*Br^2 + a7*Cl^2 + a8*Cs^2 + a9*Cs*Sn + a10*Cs*Br + a11*Cs*Cl
A,17,True,10,ok (10 terms),Eg = a0 + a1*Sn + a2*Br + a3*Cl + a4*Cs + a5*Sn^2 + a6*Br^2 + a7*Cs*Sn + a8*Cs*Br + a9*Sn*Br + a10*Br*Cl
A,18,False,0,Too few: 7<8,Eg = a0 + a1*Sn + a2*Br + a3*Cl + a4*Sn^2 + a5*Br^2 + a6*Cs*Sn + a7*Cs*Br
A,19,False,0,Too many: 13>11,Eg = a0 + a1*Sn + a2*Br + a3*Cl + a4*Cs + a5*Sn^2 + a6*Br^2 + a7*Cl^2 + a8*Cs^2 + a9*Cs*Sn + a10*Cs*Br + a11*Cs*Cl + a12*Sn*Br + a13*Br*Cl
A,20,False,0,No = sign,"The best formula I propose is:
Eg = a0 + a1*Sn + a2*Br + a3*Cl + a4*Cs + a5*Sn^2 + a6*Br^2 + a7*Cs*Sn"
B,1,True,8,ok (8 terms),Eg = a0 + a1*Sn + a2*Br + a3*Cl + a4*Cs + a5*Sn^2 + a6*Br^2 + a7*Cs*Sn + a8*Cs*Br
B,2,True,11,ok (11 terms),Eg = a0 + a1*Sn + a2*Br + a3*Cl + a4*Cs + a5*Sn^2 + a6*Br^2 + a7*Cl^2 + a8*Cs*Sn + a9*Cs*Br + a10*Cs*Cl + a11*Sn*Br
B,3,True,8,ok (8 terms),Eg = a0 + a1*Sn + a2*Br + a3*Cl + a4*Sn^2 + a5*Br^2 + a6*Cs*Sn + a7*Cs*Br + a8*Sn*Br
B,4,True,9,ok (9 terms),Eg = a0 + a1*Sn + a2*Br + a3*Cl + a4*Cs + a5*Sn^2 + a6*Br^2 + a7*Cl^2 + a8*Cs*Sn + a9*Cs*Br
B,5,True,8,ok (8 terms),Eg = a0 + a1*Sn + a2*Br + a3*Cl + a4*Cs + a5*Sn^2 + a6*Br^2 + a7*Cs*Sn + a8*Sn*Br
B,6,True,9,ok (9 terms),Eg = a0 + a1*Sn + a2*Br + a3*Cl + a4*Cs + a5*Sn^2 + a6*Br^2 + a7*Cs*Sn + a8*Cs*Br + a9*Cs*Cl
B,7,True,10,ok (10 terms),Eg = a0 + a1*Sn + a2*Br + a3*Cl + a4*Cs + a5*Sn^2 + a6*Br^2 + a7*Cl^2 + a8*Cs*Sn + a9*Cs*Br + a10*Sn*Br
B,8,True,8,ok (8 terms),Eg = a0 + a1*Sn + a2*Br + a3*Cl + a4*Sn^2 + a5*Br^2 + a6*Cl^2 + a7*Cs*Sn + a8*Cs*Br
B,9,True,11,ok (11 terms),Eg = a0 + a1*Sn + a2*Br + a3*Cl + a4*Cs + a5*Sn^2 + a6*Br^2 + a7*Cl^2 + a8*Cs^2 + a9*Cs*Sn + a10*Cs*Br + a11*Sn*Br
B,10,True,8,ok (8 terms),Eg = a0 + a1*Sn + a2*Br + a3*Cl + a4*Cs + a5*Sn^2 + a6*Br^2 + a7*Cs*Sn + a8*Cs*Br
B,11,True,10,ok (10 terms),Eg = a0 + a1*Sn + a2*Br + a3*Cl + a4*Cs + a5*Sn^2 + a6*Br^2 + a7*Cl^2 + a8*Cs*Sn + a9*Cs*Br + a10*Sn*Br
B,12,True,8,ok (8 terms),Eg = a0 + a1*Sn + a2*Br + a3*Cl + a4*Cs + a5*Sn^2 + a6*Cs*Sn + a7*Cs*Br + a8*Cs*Cl
B,13,True,9,ok (9 terms),Eg = a0 + a1*Sn + a2*Br + a3*Cl + a4*Cs + a5*Sn^2 + a6*Br^2 + a7*Cl^2 + a8*Cs*Sn + a9*Cs*Br
B,14,True,10,ok (10 terms),Eg = a0 + a1*Sn + a2*Br + a3*Cl + a4*Cs + a5*Sn^2 + a6*Br^2 + a7*Cs*Sn + a8*Cs*Br + a9*Cs*Cl + a10*Sn*Br
B,15,True,10,ok (10 terms),Eg = a0 + a1*Sn + a2*Br + a3*Cl + a4*Cs + a5*Sn^2 + a6*Br^2 + a7*Cl^2 + a8*Cs*Sn + a9*Sn*Br + a10*Br*Cl
B,16,False,0,Too many: 12>11,Eg = a0 + a1*Sn + a2*Br + a3*Cl + a4*Cs + a5*Sn^2 + a6*Br^2 + a7*Cl^2 + a8*Cs^2 + a9*Cs*Sn + a10*Cs*Br + a11*Cs*Cl + a12*Sn*Br
B,17,False,0,Too few: 6<8,Eg = a0 + a1*Sn + a2*Br + a3*Sn^2 + a4*Br^2 + a5*Cs*Sn + a6*Cs*Br
B,18,False,0,Illegal: ['log(Sn)']; Too few: 7<8,Eg = a0 + a1*Sn + a2*Br + a3*Cl + a4*Cs + a5*log(Sn) + a6*Br^2 + a7*Cs*Sn + a8*Cs*Br
B,19,False,0,Illegal: ['Sn*Sn'],Eg = a0 + a1*Sn + a2*Br + a3*Cl + a4*Cs + a5*Sn^2 + a6*Br^2 + a7*Cs*Sn + a8*Sn*Br + a9*Br*Cl + a10*Sn*Sn
B,20,False,0,Too many: 12>11,Eg = a0 + a1*Sn + a2*Br + a3*Cl + a4*Cs + a5*Sn^2 + a6*Br^2 + a7*Cl^2 + a8*Cs*Sn + a9*Cs*Br + a10*Cs*Cl + a11*Sn*Br + a12*Br*Cl
