dataset_index,sample_id,id,source_row_index,Eg,A_group,B_group,X_group,composition_family,halide_group,A_site_group
1,train_1,1,1,2.49,Cs_rich,Pb_rich,Cl_containing,Cs_rich__Pb_rich__Cl_containing,Cl_containing,Cs_rich
6,train_6,6,6,1.73,MA_rich,mixed_B,Br_rich,MA_rich__mixed_B__Br_rich,Br_rich,MA_rich
18,train_19,19,19,2.33,Cs_rich,Pb_rich,Cl_containing,Cs_rich__Pb_rich__Cl_containing,Cl_containing,Cs_rich
20,train_21,21,21,1.72,FA_rich,Pb_rich,mixed_halide,FA_rich__Pb_rich__mixed_halide,mixed_halide,FA_rich
21,train_22,22,22,1.7,FA_rich,Pb_rich,mixed_halide,FA_rich__Pb_rich__mixed_halide,mixed_halide,FA_rich
23,train_24,24,24,2.296,MA_rich,Pb_rich,Br_rich,MA_rich__Pb_rich__Br_rich,Br_rich,MA_rich
25,train_26,26,26,1.71,FA_rich,Pb_rich,mixed_halide,FA_rich__Pb_rich__mixed_halide,mixed_halide,FA_rich
26,train_27,27,27,1.85,FA_rich,Pb_rich,Br_rich,FA_rich__Pb_rich__Br_rich,Br_rich,FA_rich
27,train_28,28,28,1.92,MA_rich,Pb_rich,Br_rich,MA_rich__Pb_rich__Br_rich,Br_rich,MA_rich
29,train_30,30,30,1.974,MA_rich,Pb_rich,Br_rich,MA_rich__Pb_rich__Br_rich,Br_rich,MA_rich
31,train_32,32,32,1.96,MA_rich,Pb_rich,Br_rich,MA_rich__Pb_rich__Br_rich,Br_rich,MA_rich
38,train_39,39,39,1.25,MA_rich,mixed_B,mixed_halide,MA_rich__mixed_B__mixed_halide,mixed_halide,MA_rich
40,train_41,41,41,2.03,MA_rich,Pb_rich,Br_rich,MA_rich__Pb_rich__Br_rich,Br_rich,MA_rich
42,train_43,43,43,1.72,FA_rich,Pb_rich,mixed_halide,FA_rich__Pb_rich__mixed_halide,mixed_halide,FA_rich
47,train_49,49,49,1.72,FA_rich,Pb_rich,mixed_halide,FA_rich__Pb_rich__mixed_halide,mixed_halide,FA_rich
48,train_50,50,50,1.34,MA_rich,mixed_B,mixed_halide,MA_rich__mixed_B__mixed_halide,mixed_halide,MA_rich
52,train_54,54,54,1.59,MA_rich,mixed_B,mixed_halide,MA_rich__mixed_B__mixed_halide,mixed_halide,MA_rich
58,train_60,60,60,2.81,MA_rich,Pb_rich,Cl_containing,MA_rich__Pb_rich__Cl_containing,Cl_containing,MA_rich
61,train_63,63,63,1.72,FA_rich,Pb_rich,mixed_halide,FA_rich__Pb_rich__mixed_halide,mixed_halide,FA_rich
64,train_66,66,66,1.976,FA_rich,Pb_rich,Br_rich,FA_rich__Pb_rich__Br_rich,Br_rich,FA_rich
66,train_68,68,68,2.8,Cs_rich,Sn_rich,Cl_containing,Cs_rich__Sn_rich__Cl_containing,Cl_containing,Cs_rich
69,train_71,71,71,1.777,MA_rich,Pb_rich,mixed_halide,MA_rich__Pb_rich__mixed_halide,mixed_halide,MA_rich
72,train_74,74,74,1.64,Cs_rich,Sn_rich,Br_rich,Cs_rich__Sn_rich__Br_rich,Br_rich,Cs_rich
86,train_88,88,88,1.76,FA_rich,Pb_rich,mixed_halide,FA_rich__Pb_rich__mixed_halide,mixed_halide,FA_rich
94,train_96,96,96,1.7,FA_rich,Pb_rich,mixed_halide,FA_rich__Pb_rich__mixed_halide,mixed_halide,FA_rich
96,train_98,98,98,1.853,FA_rich,Pb_rich,Br_rich,FA_rich__Pb_rich__Br_rich,Br_rich,FA_rich
97,train_99,99,99,2.113,FA_rich,Pb_rich,Br_rich,FA_rich__Pb_rich__Br_rich,Br_rich,FA_rich
111,train_113,113,113,2.32,Cs_rich,Pb_rich,Br_rich,Cs_rich__Pb_rich__Br_rich,Br_rich,Cs_rich
112,train_114,114,114,1.59,FA_rich,Pb_rich,mixed_halide,FA_rich__Pb_rich__mixed_halide,mixed_halide,FA_rich
117,train_119,119,119,1.93,FA_rich,Pb_rich,Br_rich,FA_rich__Pb_rich__Br_rich,Br_rich,FA_rich
118,train_120,120,120,1.872,MA_rich,Pb_rich,Br_rich,MA_rich__Pb_rich__Br_rich,Br_rich,MA_rich
121,train_123,123,123,1.9,Cs_rich,Sn_rich,Cl_containing,Cs_rich__Sn_rich__Cl_containing,Cl_containing,Cs_rich
122,train_124,124,124,2.287,FA_rich,Pb_rich,Br_rich,FA_rich__Pb_rich__Br_rich,Br_rich,FA_rich
130,train_132,132,132,2.153,MA_rich,Pb_rich,Br_rich,MA_rich__Pb_rich__Br_rich,Br_rich,MA_rich
140,train_142,142,142,1.969,FA_rich,Pb_rich,Br_rich,FA_rich__Pb_rich__Br_rich,Br_rich,FA_rich
141,train_143,143,143,1.8,MA_rich,mixed_B,Br_rich,MA_rich__mixed_B__Br_rich,Br_rich,MA_rich
146,train_148,148,148,1.92,Cs_rich,Pb_rich,mixed_halide,Cs_rich__Pb_rich__mixed_halide,mixed_halide,Cs_rich
150,train_152,152,152,2.03,MA_rich,mixed_B,Br_rich,MA_rich__mixed_B__Br_rich,Br_rich,MA_rich
156,train_159,159,159,1.29,MA_rich,mixed_B,Br_rich,MA_rich__mixed_B__Br_rich,Br_rich,MA_rich
158,train_161,161,161,1.72,MA_rich,Pb_rich,Br_rich,MA_rich__Pb_rich__Br_rich,Br_rich,MA_rich
160,train_163,163,163,1.694,MA_rich,Pb_rich,mixed_halide,MA_rich__Pb_rich__mixed_halide,mixed_halide,MA_rich
161,train_164,164,164,1.858,MA_rich,Pb_rich,Br_rich,MA_rich__Pb_rich__Br_rich,Br_rich,MA_rich
167,train_170,170,170,2.64,MA_rich,Pb_rich,Cl_containing,MA_rich__Pb_rich__Cl_containing,Cl_containing,MA_rich
173,train_176,176,176,2.27,FA_rich,Pb_rich,Cl_containing,FA_rich__Pb_rich__Cl_containing,Cl_containing,FA_rich
174,train_177,177,177,1.53,MA_rich,mixed_B,mixed_halide,MA_rich__mixed_B__mixed_halide,mixed_halide,MA_rich
175,train_178,178,178,1.8,FA_rich,Pb_rich,mixed_halide,FA_rich__Pb_rich__mixed_halide,mixed_halide,FA_rich
176,train_180,180,180,1.71,MA_rich,Pb_rich,mixed_halide,MA_rich__Pb_rich__mixed_halide,mixed_halide,MA_rich
182,train_186,186,186,2.154,MA_rich,Pb_rich,Br_rich,MA_rich__Pb_rich__Br_rich,Br_rich,MA_rich
183,train_187,187,187,1.72,FA_rich,Pb_rich,mixed_halide,FA_rich__Pb_rich__mixed_halide,mixed_halide,FA_rich
192,train_196,196,196,1.26,MA_rich,mixed_B,mixed_halide,MA_rich__mixed_B__mixed_halide,mixed_halide,MA_rich
197,train_201,201,201,2.23,FA_rich,Pb_rich,Br_rich,FA_rich__Pb_rich__Br_rich,Br_rich,FA_rich
199,train_203,203,203,1.71,MA_rich,Pb_rich,mixed_halide,MA_rich__Pb_rich__mixed_halide,mixed_halide,MA_rich
200,train_204,204,204,1.989,MA_rich,Pb_rich,Br_rich,MA_rich__Pb_rich__Br_rich,Br_rich,MA_rich
202,train_206,206,206,1.781,MA_rich,Pb_rich,mixed_halide,MA_rich__Pb_rich__mixed_halide,mixed_halide,MA_rich
206,train_210,210,210,1.37,Cs_rich,Sn_rich,mixed_halide,Cs_rich__Sn_rich__mixed_halide,mixed_halide,Cs_rich
209,train_214,214,214,1.9,Cs_rich,Pb_rich,Br_rich,Cs_rich__Pb_rich__Br_rich,Br_rich,Cs_rich
210,train_215,215,215,2.3,FA_rich,Pb_rich,Cl_containing,FA_rich__Pb_rich__Cl_containing,Cl_containing,FA_rich
212,train_217,217,217,1.75,FA_rich,Pb_rich,mixed_halide,FA_rich__Pb_rich__mixed_halide,mixed_halide,FA_rich
213,train_218,218,218,1.74,FA_rich,Pb_rich,mixed_halide,FA_rich__Pb_rich__mixed_halide,mixed_halide,FA_rich
215,train_220,220,220,1.72,MA_rich,Pb_rich,mixed_halide,MA_rich__Pb_rich__mixed_halide,mixed_halide,MA_rich
221,train_227,227,227,2.115,FA_rich,Pb_rich,Br_rich,FA_rich__Pb_rich__Br_rich,Br_rich,FA_rich
222,train_228,228,228,2.105,FA_rich,Pb_rich,Br_rich,FA_rich__Pb_rich__Br_rich,Br_rich,FA_rich
227,train_233,233,233,2.3,Cs_rich,Pb_rich,Br_rich,Cs_rich__Pb_rich__Br_rich,Br_rich,Cs_rich
228,train_234,234,234,1.7,FA_rich,Pb_rich,mixed_halide,FA_rich__Pb_rich__mixed_halide,mixed_halide,FA_rich
229,train_235,235,235,2.83,MA_rich,Pb_rich,Cl_containing,MA_rich__Pb_rich__Cl_containing,Cl_containing,MA_rich
234,train_240,240,240,1.79,MA_rich,Pb_rich,mixed_halide,MA_rich__Pb_rich__mixed_halide,mixed_halide,MA_rich
235,train_241,241,241,1.82,FA_rich,Pb_rich,Br_rich,FA_rich__Pb_rich__Br_rich,Br_rich,FA_rich
237,train_243,243,243,1.72,FA_rich,Pb_rich,mixed_halide,FA_rich__Pb_rich__mixed_halide,mixed_halide,FA_rich
243,train_249,249,249,1.7,FA_rich,Pb_rich,mixed_halide,FA_rich__Pb_rich__mixed_halide,mixed_halide,FA_rich
245,train_251,251,251,1.9,MA_rich,mixed_B,Br_rich,MA_rich__mixed_B__Br_rich,Br_rich,MA_rich
248,train_254,254,254,2.141,MA_rich,Pb_rich,Br_rich,MA_rich__Pb_rich__Br_rich,Br_rich,MA_rich
256,train_262,262,262,1.89,FA_rich,Pb_rich,Br_rich,FA_rich__Pb_rich__Br_rich,Br_rich,FA_rich
258,train_264,264,264,1.75,FA_rich,Pb_rich,mixed_halide,FA_rich__Pb_rich__mixed_halide,mixed_halide,FA_rich
261,train_267,267,267,1.82,FA_rich,Pb_rich,Br_rich,FA_rich__Pb_rich__Br_rich,Br_rich,FA_rich
265,train_271,271,271,1.82,MA_rich,Pb_rich,mixed_halide,MA_rich__Pb_rich__mixed_halide,mixed_halide,MA_rich
268,train_274,274,274,2.277,FA_rich,Pb_rich,Br_rich,FA_rich__Pb_rich__Br_rich,Br_rich,FA_rich
279,train_285,285,285,3.0,FA_rich,Pb_rich,Cl_containing,FA_rich__Pb_rich__Cl_containing,Cl_containing,FA_rich
280,train_286,286,286,3.16,MA_rich,Pb_rich,Cl_containing,MA_rich__Pb_rich__Cl_containing,Cl_containing,MA_rich
282,train_288,288,288,1.74,FA_rich,Pb_rich,mixed_halide,FA_rich__Pb_rich__mixed_halide,mixed_halide,FA_rich
284,train_290,290,290,2.45,Cs_rich,Pb_rich,Cl_containing,Cs_rich__Pb_rich__Cl_containing,Cl_containing,Cs_rich
286,train_292,292,292,1.65,FA_rich,Pb_rich,mixed_halide,FA_rich__Pb_rich__mixed_halide,mixed_halide,FA_rich
288,train_294,294,294,2.278,FA_rich,Pb_rich,Br_rich,FA_rich__Pb_rich__Br_rich,Br_rich,FA_rich
290,train_296,296,296,1.87,MA_rich,Sn_rich,Cl_containing,MA_rich__Sn_rich__Cl_containing,Cl_containing,MA_rich
292,train_298,298,298,1.73,FA_rich,Pb_rich,mixed_halide,FA_rich__Pb_rich__mixed_halide,mixed_halide,FA_rich
296,train_302,302,302,2.69,MA_rich,Pb_rich,Cl_containing,MA_rich__Pb_rich__Cl_containing,Cl_containing,MA_rich
300,train_306,306,306,2.23,MA_rich,Pb_rich,Br_rich,MA_rich__Pb_rich__Br_rich,Br_rich,MA_rich
304,train_310,310,310,1.99,MA_rich,mixed_B,Br_rich,MA_rich__mixed_B__Br_rich,Br_rich,MA_rich
308,train_314,314,314,2.033,MA_rich,Pb_rich,Br_rich,MA_rich__Pb_rich__Br_rich,Br_rich,MA_rich
309,train_315,315,315,1.62,MA_rich,Sn_rich,Br_rich,MA_rich__Sn_rich__Br_rich,Br_rich,MA_rich
310,train_316,316,316,1.7,FA_rich,Pb_rich,mixed_halide,FA_rich__Pb_rich__mixed_halide,mixed_halide,FA_rich
311,train_317,317,317,2.0,FA_rich,Pb_rich,Br_rich,FA_rich__Pb_rich__Br_rich,Br_rich,FA_rich
314,train_320,320,320,1.764,MA_rich,Pb_rich,mixed_halide,MA_rich__Pb_rich__mixed_halide,mixed_halide,MA_rich
321,train_327,327,327,1.82,MA_rich,Pb_rich,mixed_halide,MA_rich__Pb_rich__mixed_halide,mixed_halide,MA_rich
322,train_328,328,328,1.6,MA_rich,Sn_rich,mixed_halide,MA_rich__Sn_rich__mixed_halide,mixed_halide,MA_rich
329,train_336,336,336,1.63,FA_rich,Sn_rich,mixed_halide,FA_rich__Sn_rich__mixed_halide,mixed_halide,FA_rich
330,train_337,337,337,2.28,MA_rich,Pb_rich,Br_rich,MA_rich__Pb_rich__Br_rich,Br_rich,MA_rich
334,train_341,341,341,1.503,MA_rich,Sn_rich,mixed_halide,MA_rich__Sn_rich__mixed_halide,mixed_halide,MA_rich
340,train_347,347,347,1.7,FA_rich,Pb_rich,mixed_halide,FA_rich__Pb_rich__mixed_halide,mixed_halide,FA_rich
342,train_349,349,349,2.98,MA_rich,Pb_rich,Cl_containing,MA_rich__Pb_rich__Cl_containing,Cl_containing,MA_rich
343,train_350,350,350,1.72,FA_rich,Pb_rich,mixed_halide,FA_rich__Pb_rich__mixed_halide,mixed_halide,FA_rich
352,train_359,359,359,2.46,MA_rich,Pb_rich,Cl_containing,MA_rich__Pb_rich__Cl_containing,Cl_containing,MA_rich
357,train_364,364,364,1.65,MA_rich,mixed_B,Br_rich,MA_rich__mixed_B__Br_rich,Br_rich,MA_rich
358,train_365,365,365,1.68,MA_rich,Pb_rich,mixed_halide,MA_rich__Pb_rich__mixed_halide,mixed_halide,MA_rich
359,train_366,366,366,3.0,Cs_rich,Pb_rich,Cl_containing,Cs_rich__Pb_rich__Cl_containing,Cl_containing,Cs_rich
367,train_374,374,374,1.48,MA_rich,mixed_B,mixed_halide,MA_rich__mixed_B__mixed_halide,mixed_halide,MA_rich
368,train_375,375,375,1.97,MA_rich,Sn_rich,Cl_containing,MA_rich__Sn_rich__Cl_containing,Cl_containing,MA_rich
370,train_377,377,377,1.71,FA_rich,Pb_rich,mixed_halide,FA_rich__Pb_rich__mixed_halide,mixed_halide,FA_rich
372,train_379,379,379,1.71,FA_rich,Pb_rich,mixed_halide,FA_rich__Pb_rich__mixed_halide,mixed_halide,FA_rich
373,train_380,380,380,2.19,MA_rich,Pb_rich,Cl_containing,MA_rich__Pb_rich__Cl_containing,Cl_containing,MA_rich
376,train_383,383,383,2.288,MA_rich,Pb_rich,Br_rich,MA_rich__Pb_rich__Br_rich,Br_rich,MA_rich
377,train_384,384,384,1.76,MA_rich,Pb_rich,mixed_halide,MA_rich__Pb_rich__mixed_halide,mixed_halide,MA_rich
380,train_387,387,387,1.73,FA_rich,Pb_rich,mixed_halide,FA_rich__Pb_rich__mixed_halide,mixed_halide,FA_rich
381,train_388,388,388,1.803,FA_rich,Pb_rich,mixed_halide,FA_rich__Pb_rich__mixed_halide,mixed_halide,FA_rich
385,train_392,392,392,1.571,FA_rich,Sn_rich,mixed_halide,FA_rich__Sn_rich__mixed_halide,mixed_halide,FA_rich
386,train_393,393,393,2.81,MA_rich,Pb_rich,Cl_containing,MA_rich__Pb_rich__Cl_containing,Cl_containing,MA_rich
387,train_394,394,394,1.715,MA_rich,Pb_rich,mixed_halide,MA_rich__Pb_rich__mixed_halide,mixed_halide,MA_rich
388,train_395,395,395,1.6,MA_rich,Pb_rich,mixed_halide,MA_rich__Pb_rich__mixed_halide,mixed_halide,MA_rich
389,train_396,396,396,2.3,MA_rich,Pb_rich,Br_rich,MA_rich__Pb_rich__Br_rich,Br_rich,MA_rich
391,train_398,398,398,1.77,FA_rich,Pb_rich,mixed_halide,FA_rich__Pb_rich__mixed_halide,mixed_halide,FA_rich
393,train_400,400,400,2.44,FA_rich,Pb_rich,Cl_containing,FA_rich__Pb_rich__Cl_containing,Cl_containing,FA_rich
394,train_401,401,401,2.38,Cs_rich,Pb_rich,Br_rich,Cs_rich__Pb_rich__Br_rich,Br_rich,Cs_rich
397,train_404,404,404,1.805,FA_rich,Pb_rich,Br_rich,FA_rich__Pb_rich__Br_rich,Br_rich,FA_rich
399,train_406,406,406,1.72,FA_rich,Pb_rich,mixed_halide,FA_rich__Pb_rich__mixed_halide,mixed_halide,FA_rich
408,train_415,415,415,1.833,MA_rich,Pb_rich,Br_rich,MA_rich__Pb_rich__Br_rich,Br_rich,MA_rich
411,train_418,418,418,2.36,FA_rich,Pb_rich,Cl_containing,FA_rich__Pb_rich__Cl_containing,Cl_containing,FA_rich
415,train_423,423,423,2.01,MA_rich,Pb_rich,Br_rich,MA_rich__Pb_rich__Br_rich,Br_rich,MA_rich
416,train_424,424,424,1.916,Cs_rich,Pb_rich,mixed_halide,Cs_rich__Pb_rich__mixed_halide,mixed_halide,Cs_rich
417,train_425,425,425,2.39,FA_rich,Pb_rich,Cl_containing,FA_rich__Pb_rich__Cl_containing,Cl_containing,FA_rich
422,train_430,430,430,1.72,FA_rich,Pb_rich,mixed_halide,FA_rich__Pb_rich__mixed_halide,mixed_halide,FA_rich
423,train_431,431,431,1.751,MA_rich,Pb_rich,mixed_halide,MA_rich__Pb_rich__mixed_halide,mixed_halide,MA_rich
425,train_434,434,434,1.61,FA_rich,Pb_rich,mixed_halide,FA_rich__Pb_rich__mixed_halide,mixed_halide,FA_rich
430,train_439,439,439,1.7,FA_rich,Pb_rich,mixed_halide,FA_rich__Pb_rich__mixed_halide,mixed_halide,FA_rich
433,train_442,442,442,1.72,FA_rich,Pb_rich,mixed_halide,FA_rich__Pb_rich__mixed_halide,mixed_halide,FA_rich
435,train_444,444,444,2.268,FA_rich,Pb_rich,Br_rich,FA_rich__Pb_rich__Br_rich,Br_rich,FA_rich
436,train_445,445,445,2.161,MA_rich,Pb_rich,Br_rich,MA_rich__Pb_rich__Br_rich,Br_rich,MA_rich
442,train_451,451,451,2.88,MA_rich,Pb_rich,Cl_containing,MA_rich__Pb_rich__Cl_containing,Cl_containing,MA_rich
451,train_460,460,460,2.1,Cs_rich,Sn_rich,Cl_containing,Cs_rich__Sn_rich__Cl_containing,Cl_containing,Cs_rich
452,train_461,461,461,1.27,MA_rich,mixed_B,Br_rich,MA_rich__mixed_B__Br_rich,Br_rich,MA_rich
459,train_468,468,468,1.791,MA_rich,Pb_rich,mixed_halide,MA_rich__Pb_rich__mixed_halide,mixed_halide,MA_rich
463,train_473,473,473,1.715,FA_rich,Pb_rich,mixed_halide,FA_rich__Pb_rich__mixed_halide,mixed_halide,FA_rich
471,train_481,481,481,1.924,MA_rich,Pb_rich,Br_rich,MA_rich__Pb_rich__Br_rich,Br_rich,MA_rich
477,train_487,487,487,1.82,MA_rich,Pb_rich,mixed_halide,MA_rich__Pb_rich__mixed_halide,mixed_halide,MA_rich
479,train_489,489,489,1.76,FA_rich,Pb_rich,mixed_halide,FA_rich__Pb_rich__mixed_halide,mixed_halide,FA_rich
480,train_490,490,490,1.75,MA_rich,Pb_rich,mixed_halide,MA_rich__Pb_rich__mixed_halide,mixed_halide,MA_rich
481,train_491,491,491,1.855,MA_rich,Pb_rich,Br_rich,MA_rich__Pb_rich__Br_rich,Br_rich,MA_rich
482,train_492,492,492,1.77,MA_rich,Pb_rich,mixed_halide,MA_rich__Pb_rich__mixed_halide,mixed_halide,MA_rich
484,train_494,494,494,2.35,Cs_rich,Pb_rich,Br_rich,Cs_rich__Pb_rich__Br_rich,Br_rich,Cs_rich
485,train_495,495,495,1.969,FA_rich,Pb_rich,Br_rich,FA_rich__Pb_rich__Br_rich,Br_rich,FA_rich
486,train_496,496,496,2.57,MA_rich,Pb_rich,Cl_containing,MA_rich__Pb_rich__Cl_containing,Cl_containing,MA_rich
495,train_505,505,505,1.72,FA_rich,Pb_rich,mixed_halide,FA_rich__Pb_rich__mixed_halide,mixed_halide,FA_rich
502,train_512,512,512,2.11,MA_rich,Pb_rich,Br_rich,MA_rich__Pb_rich__Br_rich,Br_rich,MA_rich
504,train_515,515,515,3.13,MA_rich,Pb_rich,Cl_containing,MA_rich__Pb_rich__Cl_containing,Cl_containing,MA_rich
505,train_516,516,516,1.79,Cs_rich,Pb_rich,Br_rich,Cs_rich__Pb_rich__Br_rich,Br_rich,Cs_rich
