dataset_index,sample_id,id,source_row_index,Eg,A_group,B_group,X_group,composition_family,halide_group,A_site_group
3,train_3,3,3,1.36,FA_rich,mixed_B,I_rich,FA_rich__mixed_B__I_rich,I_rich,FA_rich
4,train_4,4,4,1.2,FA_rich,mixed_B,I_rich,FA_rich__mixed_B__I_rich,I_rich,FA_rich
5,train_5,5,5,1.6,MA_rich,Pb_rich,I_rich,MA_rich__Pb_rich__I_rich,I_rich,MA_rich
6,train_6,6,6,1.73,MA_rich,mixed_B,Br_rich,MA_rich__mixed_B__Br_rich,Br_rich,MA_rich
9,train_9,9,9,1.613,MA_rich,Pb_rich,I_rich,MA_rich__Pb_rich__I_rich,I_rich,MA_rich
11,train_11,11,11,1.35,FA_rich,mixed_B,I_rich,FA_rich__mixed_B__I_rich,I_rich,FA_rich
16,train_17,17,17,1.26,MA_rich,mixed_B,I_rich,MA_rich__mixed_B__I_rich,I_rich,MA_rich
20,train_21,21,21,1.72,FA_rich,Pb_rich,mixed_halide,FA_rich__Pb_rich__mixed_halide,mixed_halide,FA_rich
21,train_22,22,22,1.7,FA_rich,Pb_rich,mixed_halide,FA_rich__Pb_rich__mixed_halide,mixed_halide,FA_rich
22,train_23,23,23,1.38,Cs_rich,mixed_B,I_rich,Cs_rich__mixed_B__I_rich,I_rich,Cs_rich
23,train_24,24,24,2.296,MA_rich,Pb_rich,Br_rich,MA_rich__Pb_rich__Br_rich,Br_rich,MA_rich
25,train_26,26,26,1.71,FA_rich,Pb_rich,mixed_halide,FA_rich__Pb_rich__mixed_halide,mixed_halide,FA_rich
27,train_28,28,28,1.92,MA_rich,Pb_rich,Br_rich,MA_rich__Pb_rich__Br_rich,Br_rich,MA_rich
28,train_29,29,29,1.6,MA_rich,Pb_rich,I_rich,MA_rich__Pb_rich__I_rich,I_rich,MA_rich
29,train_30,30,30,1.974,MA_rich,Pb_rich,Br_rich,MA_rich__Pb_rich__Br_rich,Br_rich,MA_rich
30,train_31,31,31,1.65,MA_rich,Pb_rich,I_rich,MA_rich__Pb_rich__I_rich,I_rich,MA_rich
31,train_32,32,32,1.96,MA_rich,Pb_rich,Br_rich,MA_rich__Pb_rich__Br_rich,Br_rich,MA_rich
32,train_33,33,33,1.25,FA_rich,mixed_B,I_rich,FA_rich__mixed_B__I_rich,I_rich,FA_rich
34,train_35,35,35,1.634,MA_rich,Pb_rich,I_rich,MA_rich__Pb_rich__I_rich,I_rich,MA_rich
37,train_38,38,38,1.254,MA_rich,mixed_B,I_rich,MA_rich__mixed_B__I_rich,I_rich,MA_rich
38,train_39,39,39,1.25,MA_rich,mixed_B,mixed_halide,MA_rich__mixed_B__mixed_halide,mixed_halide,MA_rich
39,train_40,40,40,1.62,MA_rich,Pb_rich,I_rich,MA_rich__Pb_rich__I_rich,I_rich,MA_rich
40,train_41,41,41,2.03,MA_rich,Pb_rich,Br_rich,MA_rich__Pb_rich__Br_rich,Br_rich,MA_rich
41,train_42,42,42,1.34,FA_rich,mixed_B,I_rich,FA_rich__mixed_B__I_rich,I_rich,FA_rich
42,train_43,43,43,1.72,FA_rich,Pb_rich,mixed_halide,FA_rich__Pb_rich__mixed_halide,mixed_halide,FA_rich
43,train_44,44,44,1.644,MA_rich,Pb_rich,I_rich,MA_rich__Pb_rich__I_rich,I_rich,MA_rich
45,train_47,47,47,1.61,MA_rich,Pb_rich,I_rich,MA_rich__Pb_rich__I_rich,I_rich,MA_rich
47,train_49,49,49,1.72,FA_rich,Pb_rich,mixed_halide,FA_rich__Pb_rich__mixed_halide,mixed_halide,FA_rich
48,train_50,50,50,1.34,MA_rich,mixed_B,mixed_halide,MA_rich__mixed_B__mixed_halide,mixed_halide,MA_rich
49,train_51,51,51,1.57,MA_rich,Pb_rich,I_rich,MA_rich__Pb_rich__I_rich,I_rich,MA_rich
52,train_54,54,54,1.59,MA_rich,mixed_B,mixed_halide,MA_rich__mixed_B__mixed_halide,mixed_halide,MA_rich
53,train_55,55,55,1.62,MA_rich,Pb_rich,I_rich,MA_rich__Pb_rich__I_rich,I_rich,MA_rich
54,train_56,56,56,1.2,FA_rich,Sn_rich,I_rich,FA_rich__Sn_rich__I_rich,I_rich,FA_rich
55,train_57,57,57,1.6,MA_rich,Pb_rich,I_rich,MA_rich__Pb_rich__I_rich,I_rich,MA_rich
56,train_58,58,58,1.633,MA_rich,Pb_rich,I_rich,MA_rich__Pb_rich__I_rich,I_rich,MA_rich
58,train_60,60,60,2.81,MA_rich,Pb_rich,Cl_containing,MA_rich__Pb_rich__Cl_containing,Cl_containing,MA_rich
60,train_62,62,62,1.62,MA_rich,Pb_rich,I_rich,MA_rich__Pb_rich__I_rich,I_rich,MA_rich
61,train_63,63,63,1.72,FA_rich,Pb_rich,mixed_halide,FA_rich__Pb_rich__mixed_halide,mixed_halide,FA_rich
62,train_64,64,64,1.59,MA_rich,Pb_rich,I_rich,MA_rich__Pb_rich__I_rich,I_rich,MA_rich
63,train_65,65,65,1.35,MA_rich,mixed_B,I_rich,MA_rich__mixed_B__I_rich,I_rich,MA_rich
68,train_70,70,70,1.24,MA_rich,mixed_B,I_rich,MA_rich__mixed_B__I_rich,I_rich,MA_rich
69,train_71,71,71,1.777,MA_rich,Pb_rich,mixed_halide,MA_rich__Pb_rich__mixed_halide,mixed_halide,MA_rich
70,train_72,72,72,1.65,MA_rich,Pb_rich,I_rich,MA_rich__Pb_rich__I_rich,I_rich,MA_rich
71,train_73,73,73,1.544,MA_rich,Pb_rich,I_rich,MA_rich__Pb_rich__I_rich,I_rich,MA_rich
72,train_74,74,74,1.64,Cs_rich,Sn_rich,Br_rich,Cs_rich__Sn_rich__Br_rich,Br_rich,Cs_rich
74,train_76,76,76,1.27,MA_rich,mixed_B,I_rich,MA_rich__mixed_B__I_rich,I_rich,MA_rich
80,train_82,82,82,1.75,Cs_rich,Pb_rich,I_rich,Cs_rich__Pb_rich__I_rich,I_rich,Cs_rich
82,train_84,84,84,1.56,MA_rich,Pb_rich,I_rich,MA_rich__Pb_rich__I_rich,I_rich,MA_rich
84,train_86,86,86,1.25,FA_rich,mixed_B,I_rich,FA_rich__mixed_B__I_rich,I_rich,FA_rich
86,train_88,88,88,1.76,FA_rich,Pb_rich,mixed_halide,FA_rich__Pb_rich__mixed_halide,mixed_halide,FA_rich
87,train_89,89,89,1.5,MA_rich,mixed_B,I_rich,MA_rich__mixed_B__I_rich,I_rich,MA_rich
88,train_90,90,90,1.51,MA_rich,Pb_rich,I_rich,MA_rich__Pb_rich__I_rich,I_rich,MA_rich
90,train_92,92,92,1.58,MA_rich,Pb_rich,I_rich,MA_rich__Pb_rich__I_rich,I_rich,MA_rich
93,train_95,95,95,1.77,Cs_rich,Pb_rich,I_rich,Cs_rich__Pb_rich__I_rich,I_rich,Cs_rich
94,train_96,96,96,1.7,FA_rich,Pb_rich,mixed_halide,FA_rich__Pb_rich__mixed_halide,mixed_halide,FA_rich
95,train_97,97,97,1.62,MA_rich,Pb_rich,I_rich,MA_rich__Pb_rich__I_rich,I_rich,MA_rich
98,train_100,100,100,1.6,MA_rich,Pb_rich,I_rich,MA_rich__Pb_rich__I_rich,I_rich,MA_rich
100,train_102,102,102,1.652,MA_rich,Pb_rich,I_rich,MA_rich__Pb_rich__I_rich,I_rich,MA_rich
104,train_106,106,106,1.589,MA_rich,Pb_rich,I_rich,MA_rich__Pb_rich__I_rich,I_rich,MA_rich
105,train_107,107,107,1.35,FA_rich,mixed_B,I_rich,FA_rich__mixed_B__I_rich,I_rich,FA_rich
106,train_108,108,108,1.6,MA_rich,Pb_rich,I_rich,MA_rich__Pb_rich__I_rich,I_rich,MA_rich
110,train_112,112,112,1.24,MA_rich,mixed_B,I_rich,MA_rich__mixed_B__I_rich,I_rich,MA_rich
111,train_113,113,113,2.32,Cs_rich,Pb_rich,Br_rich,Cs_rich__Pb_rich__Br_rich,Br_rich,Cs_rich
112,train_114,114,114,1.59,FA_rich,Pb_rich,mixed_halide,FA_rich__Pb_rich__mixed_halide,mixed_halide,FA_rich
113,train_115,115,115,1.6,MA_rich,Pb_rich,I_rich,MA_rich__Pb_rich__I_rich,I_rich,MA_rich
118,train_120,120,120,1.872,MA_rich,Pb_rich,Br_rich,MA_rich__Pb_rich__Br_rich,Br_rich,MA_rich
124,train_126,126,126,1.42,MA_rich,Pb_rich,I_rich,MA_rich__Pb_rich__I_rich,I_rich,MA_rich
125,train_127,127,127,1.6,MA_rich,Pb_rich,I_rich,MA_rich__Pb_rich__I_rich,I_rich,MA_rich
126,train_128,128,128,1.717,MA_rich,Pb_rich,I_rich,MA_rich__Pb_rich__I_rich,I_rich,MA_rich
128,train_130,130,130,1.31,FA_rich,mixed_B,I_rich,FA_rich__mixed_B__I_rich,I_rich,FA_rich
129,train_131,131,131,1.6,MA_rich,Pb_rich,I_rich,MA_rich__Pb_rich__I_rich,I_rich,MA_rich
130,train_132,132,132,2.153,MA_rich,Pb_rich,Br_rich,MA_rich__Pb_rich__Br_rich,Br_rich,MA_rich
132,train_134,134,134,1.84,Cs_rich,Pb_rich,I_rich,Cs_rich__Pb_rich__I_rich,I_rich,Cs_rich
135,train_137,137,137,1.54,MA_rich,Pb_rich,I_rich,MA_rich__Pb_rich__I_rich,I_rich,MA_rich
136,train_138,138,138,1.17,FA_rich,mixed_B,I_rich,FA_rich__mixed_B__I_rich,I_rich,FA_rich
139,train_141,141,141,1.82,Cs_rich,Pb_rich,I_rich,Cs_rich__Pb_rich__I_rich,I_rich,Cs_rich
141,train_143,143,143,1.8,MA_rich,mixed_B,Br_rich,MA_rich__mixed_B__Br_rich,Br_rich,MA_rich
143,train_145,145,145,1.59,MA_rich,Pb_rich,I_rich,MA_rich__Pb_rich__I_rich,I_rich,MA_rich
146,train_148,148,148,1.92,Cs_rich,Pb_rich,mixed_halide,Cs_rich__Pb_rich__mixed_halide,mixed_halide,Cs_rich
147,train_149,149,149,1.577,MA_rich,Pb_rich,I_rich,MA_rich__Pb_rich__I_rich,I_rich,MA_rich
149,train_151,151,151,1.354,FA_rich,mixed_B,I_rich,FA_rich__mixed_B__I_rich,I_rich,FA_rich
150,train_152,152,152,2.03,MA_rich,mixed_B,Br_rich,MA_rich__mixed_B__Br_rich,Br_rich,MA_rich
151,train_154,154,154,1.4,FA_rich,Sn_rich,I_rich,FA_rich__Sn_rich__I_rich,I_rich,FA_rich
153,train_156,156,156,1.81,Cs_rich,Pb_rich,I_rich,Cs_rich__Pb_rich__I_rich,I_rich,Cs_rich
154,train_157,157,157,1.736,Cs_rich,Pb_rich,I_rich,Cs_rich__Pb_rich__I_rich,I_rich,Cs_rich
155,train_158,158,158,1.671,MA_rich,Pb_rich,I_rich,MA_rich__Pb_rich__I_rich,I_rich,MA_rich
156,train_159,159,159,1.29,MA_rich,mixed_B,Br_rich,MA_rich__mixed_B__Br_rich,Br_rich,MA_rich
158,train_161,161,161,1.72,MA_rich,Pb_rich,Br_rich,MA_rich__Pb_rich__Br_rich,Br_rich,MA_rich
159,train_162,162,162,1.64,MA_rich,Pb_rich,I_rich,MA_rich__Pb_rich__I_rich,I_rich,MA_rich
160,train_163,163,163,1.694,MA_rich,Pb_rich,mixed_halide,MA_rich__Pb_rich__mixed_halide,mixed_halide,MA_rich
161,train_164,164,164,1.858,MA_rich,Pb_rich,Br_rich,MA_rich__Pb_rich__Br_rich,Br_rich,MA_rich
162,train_165,165,165,1.204,MA_rich,mixed_B,I_rich,MA_rich__mixed_B__I_rich,I_rich,MA_rich
165,train_168,168,168,1.586,MA_rich,Pb_rich,I_rich,MA_rich__Pb_rich__I_rich,I_rich,MA_rich
167,train_170,170,170,2.64,MA_rich,Pb_rich,Cl_containing,MA_rich__Pb_rich__Cl_containing,Cl_containing,MA_rich
168,train_171,171,171,1.38,FA_rich,mixed_B,I_rich,FA_rich__mixed_B__I_rich,I_rich,FA_rich
169,train_172,172,172,1.55,MA_rich,Pb_rich,I_rich,MA_rich__Pb_rich__I_rich,I_rich,MA_rich
171,train_174,174,174,1.601,MA_rich,Pb_rich,I_rich,MA_rich__Pb_rich__I_rich,I_rich,MA_rich
173,train_176,176,176,2.27,FA_rich,Pb_rich,Cl_containing,FA_rich__Pb_rich__Cl_containing,Cl_containing,FA_rich
174,train_177,177,177,1.53,MA_rich,mixed_B,mixed_halide,MA_rich__mixed_B__mixed_halide,mixed_halide,MA_rich
175,train_178,178,178,1.8,FA_rich,Pb_rich,mixed_halide,FA_rich__Pb_rich__mixed_halide,mixed_halide,FA_rich
176,train_180,180,180,1.71,MA_rich,Pb_rich,mixed_halide,MA_rich__Pb_rich__mixed_halide,mixed_halide,MA_rich
177,train_181,181,181,1.26,FA_rich,mixed_B,I_rich,FA_rich__mixed_B__I_rich,I_rich,FA_rich
179,train_183,183,183,1.26,MA_rich,mixed_B,I_rich,MA_rich__mixed_B__I_rich,I_rich,MA_rich
181,train_185,185,185,1.63,MA_rich,Pb_rich,I_rich,MA_rich__Pb_rich__I_rich,I_rich,MA_rich
182,train_186,186,186,2.154,MA_rich,Pb_rich,Br_rich,MA_rich__Pb_rich__Br_rich,Br_rich,MA_rich
183,train_187,187,187,1.72,FA_rich,Pb_rich,mixed_halide,FA_rich__Pb_rich__mixed_halide,mixed_halide,FA_rich
185,train_189,189,189,1.29,FA_rich,mixed_B,I_rich,FA_rich__mixed_B__I_rich,I_rich,FA_rich
186,train_190,190,190,1.641,MA_rich,Pb_rich,I_rich,MA_rich__Pb_rich__I_rich,I_rich,MA_rich
192,train_196,196,196,1.26,MA_rich,mixed_B,mixed_halide,MA_rich__mixed_B__mixed_halide,mixed_halide,MA_rich
195,train_199,199,199,1.516,MA_rich,Pb_rich,I_rich,MA_rich__Pb_rich__I_rich,I_rich,MA_rich
196,train_200,200,200,1.295,Cs_rich,Sn_rich,I_rich,Cs_rich__Sn_rich__I_rich,I_rich,Cs_rich
198,train_202,202,202,1.5,MA_rich,Pb_rich,I_rich,MA_rich__Pb_rich__I_rich,I_rich,MA_rich
199,train_203,203,203,1.71,MA_rich,Pb_rich,mixed_halide,MA_rich__Pb_rich__mixed_halide,mixed_halide,MA_rich
200,train_204,204,204,1.989,MA_rich,Pb_rich,Br_rich,MA_rich__Pb_rich__Br_rich,Br_rich,MA_rich
202,train_206,206,206,1.781,MA_rich,Pb_rich,mixed_halide,MA_rich__Pb_rich__mixed_halide,mixed_halide,MA_rich
206,train_210,210,210,1.37,Cs_rich,Sn_rich,mixed_halide,Cs_rich__Sn_rich__mixed_halide,mixed_halide,Cs_rich
207,train_212,212,212,1.35,FA_rich,mixed_B,I_rich,FA_rich__mixed_B__I_rich,I_rich,FA_rich
209,train_214,214,214,1.9,Cs_rich,Pb_rich,Br_rich,Cs_rich__Pb_rich__Br_rich,Br_rich,Cs_rich
210,train_215,215,215,2.3,FA_rich,Pb_rich,Cl_containing,FA_rich__Pb_rich__Cl_containing,Cl_containing,FA_rich
212,train_217,217,217,1.75,FA_rich,Pb_rich,mixed_halide,FA_rich__Pb_rich__mixed_halide,mixed_halide,FA_rich
213,train_218,218,218,1.74,FA_rich,Pb_rich,mixed_halide,FA_rich__Pb_rich__mixed_halide,mixed_halide,FA_rich
215,train_220,220,220,1.72,MA_rich,Pb_rich,mixed_halide,MA_rich__Pb_rich__mixed_halide,mixed_halide,MA_rich
217,train_222,222,222,1.375,Cs_rich,Sn_rich,I_rich,Cs_rich__Sn_rich__I_rich,I_rich,Cs_rich
219,train_224,224,224,1.62,MA_rich,Pb_rich,I_rich,MA_rich__Pb_rich__I_rich,I_rich,MA_rich
220,train_226,226,226,1.22,FA_rich,mixed_B,I_rich,FA_rich__mixed_B__I_rich,I_rich,FA_rich
227,train_233,233,233,2.3,Cs_rich,Pb_rich,Br_rich,Cs_rich__Pb_rich__Br_rich,Br_rich,Cs_rich
228,train_234,234,234,1.7,FA_rich,Pb_rich,mixed_halide,FA_rich__Pb_rich__mixed_halide,mixed_halide,FA_rich
229,train_235,235,235,2.83,MA_rich,Pb_rich,Cl_containing,MA_rich__Pb_rich__Cl_containing,Cl_containing,MA_rich
230,train_236,236,236,1.38,FA_rich,mixed_B,I_rich,FA_rich__mixed_B__I_rich,I_rich,FA_rich
232,train_238,238,238,1.603,MA_rich,Pb_rich,I_rich,MA_rich__Pb_rich__I_rich,I_rich,MA_rich
233,train_239,239,239,1.22,FA_rich,mixed_B,I_rich,FA_rich__mixed_B__I_rich,I_rich,FA_rich
234,train_240,240,240,1.79,MA_rich,Pb_rich,mixed_halide,MA_rich__Pb_rich__mixed_halide,mixed_halide,MA_rich
236,train_242,242,242,1.588,MA_rich,Pb_rich,I_rich,MA_rich__Pb_rich__I_rich,I_rich,MA_rich
237,train_243,243,243,1.72,FA_rich,Pb_rich,mixed_halide,FA_rich__Pb_rich__mixed_halide,mixed_halide,FA_rich
238,train_244,244,244,1.627,MA_rich,Pb_rich,I_rich,MA_rich__Pb_rich__I_rich,I_rich,MA_rich
239,train_245,245,245,1.28,MA_rich,mixed_B,I_rich,MA_rich__mixed_B__I_rich,I_rich,MA_rich
240,train_246,246,246,1.3,MA_rich,mixed_B,I_rich,MA_rich__mixed_B__I_rich,I_rich,MA_rich
242,train_248,248,248,1.61,MA_rich,Pb_rich,I_rich,MA_rich__Pb_rich__I_rich,I_rich,MA_rich
243,train_249,249,249,1.7,FA_rich,Pb_rich,mixed_halide,FA_rich__Pb_rich__mixed_halide,mixed_halide,FA_rich
244,train_250,250,250,1.272,FA_rich,mixed_B,I_rich,FA_rich__mixed_B__I_rich,I_rich,FA_rich
245,train_251,251,251,1.9,MA_rich,mixed_B,Br_rich,MA_rich__mixed_B__Br_rich,Br_rich,MA_rich
248,train_254,254,254,2.141,MA_rich,Pb_rich,Br_rich,MA_rich__Pb_rich__Br_rich,Br_rich,MA_rich
249,train_255,255,255,1.57,MA_rich,Pb_rich,I_rich,MA_rich__Pb_rich__I_rich,I_rich,MA_rich
250,train_256,256,256,1.51,MA_rich,Pb_rich,I_rich,MA_rich__Pb_rich__I_rich,I_rich,MA_rich
251,train_257,257,257,1.44,FA_rich,Sn_rich,I_rich,FA_rich__Sn_rich__I_rich,I_rich,FA_rich
252,train_258,258,258,1.6,MA_rich,Pb_rich,I_rich,MA_rich__Pb_rich__I_rich,I_rich,MA_rich
253,train_259,259,259,1.25,FA_rich,Sn_rich,I_rich,FA_rich__Sn_rich__I_rich,I_rich,FA_rich
254,train_260,260,260,1.58,MA_rich,Pb_rich,I_rich,MA_rich__Pb_rich__I_rich,I_rich,MA_rich
255,train_261,261,261,1.583,MA_rich,Pb_rich,I_rich,MA_rich__Pb_rich__I_rich,I_rich,MA_rich
258,train_264,264,264,1.75,FA_rich,Pb_rich,mixed_halide,FA_rich__Pb_rich__mixed_halide,mixed_halide,FA_rich
260,train_266,266,266,1.24,FA_rich,mixed_B,I_rich,FA_rich__mixed_B__I_rich,I_rich,FA_rich
262,train_268,268,268,1.562,MA_rich,Pb_rich,I_rich,MA_rich__Pb_rich__I_rich,I_rich,MA_rich
263,train_269,269,269,1.31,MA_rich,Sn_rich,I_rich,MA_rich__Sn_rich__I_rich,I_rich,MA_rich
265,train_271,271,271,1.82,MA_rich,Pb_rich,mixed_halide,MA_rich__Pb_rich__mixed_halide,mixed_halide,MA_rich
266,train_272,272,272,1.27,MA_rich,mixed_B,I_rich,MA_rich__mixed_B__I_rich,I_rich,MA_rich
273,train_279,279,279,1.6,MA_rich,Pb_rich,I_rich,MA_rich__Pb_rich__I_rich,I_rich,MA_rich
276,train_282,282,282,1.677,MA_rich,Pb_rich,I_rich,MA_rich__Pb_rich__I_rich,I_rich,MA_rich
278,train_284,284,284,1.17,MA_rich,mixed_B,I_rich,MA_rich__mixed_B__I_rich,I_rich,MA_rich
279,train_285,285,285,3.0,FA_rich,Pb_rich,Cl_containing,FA_rich__Pb_rich__Cl_containing,Cl_containing,FA_rich
280,train_286,286,286,3.16,MA_rich,Pb_rich,Cl_containing,MA_rich__Pb_rich__Cl_containing,Cl_containing,MA_rich
281,train_287,287,287,1.318,FA_rich,mixed_B,I_rich,FA_rich__mixed_B__I_rich,I_rich,FA_rich
282,train_288,288,288,1.74,FA_rich,Pb_rich,mixed_halide,FA_rich__Pb_rich__mixed_halide,mixed_halide,FA_rich
285,train_291,291,291,1.26,FA_rich,mixed_B,I_rich,FA_rich__mixed_B__I_rich,I_rich,FA_rich
286,train_292,292,292,1.65,FA_rich,Pb_rich,mixed_halide,FA_rich__Pb_rich__mixed_halide,mixed_halide,FA_rich
287,train_293,293,293,1.61,MA_rich,Pb_rich,I_rich,MA_rich__Pb_rich__I_rich,I_rich,MA_rich
289,train_295,295,295,1.26,FA_rich,mixed_B,I_rich,FA_rich__mixed_B__I_rich,I_rich,FA_rich
290,train_296,296,296,1.87,MA_rich,Sn_rich,Cl_containing,MA_rich__Sn_rich__Cl_containing,Cl_containing,MA_rich
291,train_297,297,297,1.27,MA_rich,mixed_B,I_rich,MA_rich__mixed_B__I_rich,I_rich,MA_rich
292,train_298,298,298,1.73,FA_rich,Pb_rich,mixed_halide,FA_rich__Pb_rich__mixed_halide,mixed_halide,FA_rich
293,train_299,299,299,1.606,MA_rich,Pb_rich,I_rich,MA_rich__Pb_rich__I_rich,I_rich,MA_rich
296,train_302,302,302,2.69,MA_rich,Pb_rich,Cl_containing,MA_rich__Pb_rich__Cl_containing,Cl_containing,MA_rich
300,train_306,306,306,2.23,MA_rich,Pb_rich,Br_rich,MA_rich__Pb_rich__Br_rich,Br_rich,MA_rich
302,train_308,308,308,1.604,MA_rich,Pb_rich,I_rich,MA_rich__Pb_rich__I_rich,I_rich,MA_rich
304,train_310,310,310,1.99,MA_rich,mixed_B,Br_rich,MA_rich__mixed_B__Br_rich,Br_rich,MA_rich
306,train_312,312,312,1.47,FA_rich,Sn_rich,I_rich,FA_rich__Sn_rich__I_rich,I_rich,FA_rich
308,train_314,314,314,2.033,MA_rich,Pb_rich,Br_rich,MA_rich__Pb_rich__Br_rich,Br_rich,MA_rich
309,train_315,315,315,1.62,MA_rich,Sn_rich,Br_rich,MA_rich__Sn_rich__Br_rich,Br_rich,MA_rich
310,train_316,316,316,1.7,FA_rich,Pb_rich,mixed_halide,FA_rich__Pb_rich__mixed_halide,mixed_halide,FA_rich
312,train_318,318,318,1.36,FA_rich,Sn_rich,I_rich,FA_rich__Sn_rich__I_rich,I_rich,FA_rich
314,train_320,320,320,1.764,MA_rich,Pb_rich,mixed_halide,MA_rich__Pb_rich__mixed_halide,mixed_halide,MA_rich
315,train_321,321,321,1.654,MA_rich,Pb_rich,I_rich,MA_rich__Pb_rich__I_rich,I_rich,MA_rich
317,train_323,323,323,1.38,FA_rich,mixed_B,I_rich,FA_rich__mixed_B__I_rich,I_rich,FA_rich
321,train_327,327,327,1.82,MA_rich,Pb_rich,mixed_halide,MA_rich__Pb_rich__mixed_halide,mixed_halide,MA_rich
322,train_328,328,328,1.6,MA_rich,Sn_rich,mixed_halide,MA_rich__Sn_rich__mixed_halide,mixed_halide,MA_rich
323,train_329,329,329,1.4,Cs_rich,Sn_rich,I_rich,Cs_rich__Sn_rich__I_rich,I_rich,Cs_rich
324,train_330,330,330,1.44,MA_rich,Pb_rich,I_rich,MA_rich__Pb_rich__I_rich,I_rich,MA_rich
325,train_331,331,331,1.556,MA_rich,Pb_rich,I_rich,MA_rich__Pb_rich__I_rich,I_rich,MA_rich
326,train_333,333,333,1.32,FA_rich,mixed_B,I_rich,FA_rich__mixed_B__I_rich,I_rich,FA_rich
329,train_336,336,336,1.63,FA_rich,Sn_rich,mixed_halide,FA_rich__Sn_rich__mixed_halide,mixed_halide,FA_rich
330,train_337,337,337,2.28,MA_rich,Pb_rich,Br_rich,MA_rich__Pb_rich__Br_rich,Br_rich,MA_rich
331,train_338,338,338,1.6,MA_rich,Pb_rich,I_rich,MA_rich__Pb_rich__I_rich,I_rich,MA_rich
334,train_341,341,341,1.503,MA_rich,Sn_rich,mixed_halide,MA_rich__Sn_rich__mixed_halide,mixed_halide,MA_rich
337,train_344,344,344,1.25,MA_rich,mixed_B,I_rich,MA_rich__mixed_B__I_rich,I_rich,MA_rich
338,train_345,345,345,1.38,FA_rich,mixed_B,I_rich,FA_rich__mixed_B__I_rich,I_rich,FA_rich
340,train_347,347,347,1.7,FA_rich,Pb_rich,mixed_halide,FA_rich__Pb_rich__mixed_halide,mixed_halide,FA_rich
341,train_348,348,348,1.29,Cs_rich,mixed_B,I_rich,Cs_rich__mixed_B__I_rich,I_rich,Cs_rich
342,train_349,349,349,2.98,MA_rich,Pb_rich,Cl_containing,MA_rich__Pb_rich__Cl_containing,Cl_containing,MA_rich
343,train_350,350,350,1.72,FA_rich,Pb_rich,mixed_halide,FA_rich__Pb_rich__mixed_halide,mixed_halide,FA_rich
344,train_351,351,351,1.22,MA_rich,mixed_B,I_rich,MA_rich__mixed_B__I_rich,I_rich,MA_rich
345,train_352,352,352,1.6,MA_rich,Pb_rich,I_rich,MA_rich__Pb_rich__I_rich,I_rich,MA_rich
347,train_354,354,354,1.5,MA_rich,Pb_rich,I_rich,MA_rich__Pb_rich__I_rich,I_rich,MA_rich
350,train_357,357,357,1.6,MA_rich,Pb_rich,I_rich,MA_rich__Pb_rich__I_rich,I_rich,MA_rich
351,train_358,358,358,1.25,MA_rich,mixed_B,I_rich,MA_rich__mixed_B__I_rich,I_rich,MA_rich
352,train_359,359,359,2.46,MA_rich,Pb_rich,Cl_containing,MA_rich__Pb_rich__Cl_containing,Cl_containing,MA_rich
353,train_360,360,360,1.337,FA_rich,mixed_B,I_rich,FA_rich__mixed_B__I_rich,I_rich,FA_rich
354,train_361,361,361,1.62,MA_rich,Pb_rich,I_rich,MA_rich__Pb_rich__I_rich,I_rich,MA_rich
355,train_362,362,362,1.311,MA_rich,Sn_rich,I_rich,MA_rich__Sn_rich__I_rich,I_rich,MA_rich
357,train_364,364,364,1.65,MA_rich,mixed_B,Br_rich,MA_rich__mixed_B__Br_rich,Br_rich,MA_rich
358,train_365,365,365,1.68,MA_rich,Pb_rich,mixed_halide,MA_rich__Pb_rich__mixed_halide,mixed_halide,MA_rich
361,train_368,368,368,1.54,MA_rich,Pb_rich,I_rich,MA_rich__Pb_rich__I_rich,I_rich,MA_rich
362,train_369,369,369,1.39,MA_rich,mixed_B,I_rich,MA_rich__mixed_B__I_rich,I_rich,MA_rich
363,train_370,370,370,1.5,MA_rich,Pb_rich,I_rich,MA_rich__Pb_rich__I_rich,I_rich,MA_rich
365,train_372,372,372,1.553,MA_rich,Pb_rich,I_rich,MA_rich__Pb_rich__I_rich,I_rich,MA_rich
366,train_373,373,373,1.566,MA_rich,Pb_rich,I_rich,MA_rich__Pb_rich__I_rich,I_rich,MA_rich
367,train_374,374,374,1.48,MA_rich,mixed_B,mixed_halide,MA_rich__mixed_B__mixed_halide,mixed_halide,MA_rich
368,train_375,375,375,1.97,MA_rich,Sn_rich,Cl_containing,MA_rich__Sn_rich__Cl_containing,Cl_containing,MA_rich
369,train_376,376,376,1.39,MA_rich,mixed_B,I_rich,MA_rich__mixed_B__I_rich,I_rich,MA_rich
370,train_377,377,377,1.71,FA_rich,Pb_rich,mixed_halide,FA_rich__Pb_rich__mixed_halide,mixed_halide,FA_rich
372,train_379,379,379,1.71,FA_rich,Pb_rich,mixed_halide,FA_rich__Pb_rich__mixed_halide,mixed_halide,FA_rich
373,train_380,380,380,2.19,MA_rich,Pb_rich,Cl_containing,MA_rich__Pb_rich__Cl_containing,Cl_containing,MA_rich
374,train_381,381,381,1.612,MA_rich,Pb_rich,I_rich,MA_rich__Pb_rich__I_rich,I_rich,MA_rich
375,train_382,382,382,1.7,Cs_rich,Pb_rich,I_rich,Cs_rich__Pb_rich__I_rich,I_rich,Cs_rich
376,train_383,383,383,2.288,MA_rich,Pb_rich,Br_rich,MA_rich__Pb_rich__Br_rich,Br_rich,MA_rich
377,train_384,384,384,1.76,MA_rich,Pb_rich,mixed_halide,MA_rich__Pb_rich__mixed_halide,mixed_halide,MA_rich
378,train_385,385,385,1.4,FA_rich,Sn_rich,I_rich,FA_rich__Sn_rich__I_rich,I_rich,FA_rich
379,train_386,386,386,1.58,MA_rich,Pb_rich,I_rich,MA_rich__Pb_rich__I_rich,I_rich,MA_rich
380,train_387,387,387,1.73,FA_rich,Pb_rich,mixed_halide,FA_rich__Pb_rich__mixed_halide,mixed_halide,FA_rich
381,train_388,388,388,1.803,FA_rich,Pb_rich,mixed_halide,FA_rich__Pb_rich__mixed_halide,mixed_halide,FA_rich
382,train_389,389,389,1.62,MA_rich,Pb_rich,I_rich,MA_rich__Pb_rich__I_rich,I_rich,MA_rich
383,train_390,390,390,1.21,FA_rich,mixed_B,I_rich,FA_rich__mixed_B__I_rich,I_rich,FA_rich
384,train_391,391,391,1.64,MA_rich,Pb_rich,I_rich,MA_rich__Pb_rich__I_rich,I_rich,MA_rich
385,train_392,392,392,1.571,FA_rich,Sn_rich,mixed_halide,FA_rich__Sn_rich__mixed_halide,mixed_halide,FA_rich
386,train_393,393,393,2.81,MA_rich,Pb_rich,Cl_containing,MA_rich__Pb_rich__Cl_containing,Cl_containing,MA_rich
387,train_394,394,394,1.715,MA_rich,Pb_rich,mixed_halide,MA_rich__Pb_rich__mixed_halide,mixed_halide,MA_rich
388,train_395,395,395,1.6,MA_rich,Pb_rich,mixed_halide,MA_rich__Pb_rich__mixed_halide,mixed_halide,MA_rich
389,train_396,396,396,2.3,MA_rich,Pb_rich,Br_rich,MA_rich__Pb_rich__Br_rich,Br_rich,MA_rich
391,train_398,398,398,1.77,FA_rich,Pb_rich,mixed_halide,FA_rich__Pb_rich__mixed_halide,mixed_halide,FA_rich
393,train_400,400,400,2.44,FA_rich,Pb_rich,Cl_containing,FA_rich__Pb_rich__Cl_containing,Cl_containing,FA_rich
394,train_401,401,401,2.38,Cs_rich,Pb_rich,Br_rich,Cs_rich__Pb_rich__Br_rich,Br_rich,Cs_rich
399,train_406,406,406,1.72,FA_rich,Pb_rich,mixed_halide,FA_rich__Pb_rich__mixed_halide,mixed_halide,FA_rich
401,train_408,408,408,1.28,FA_rich,mixed_B,I_rich,FA_rich__mixed_B__I_rich,I_rich,FA_rich
403,train_410,410,410,1.22,Cs_rich,Sn_rich,I_rich,Cs_rich__Sn_rich__I_rich,I_rich,Cs_rich
404,train_411,411,411,1.29,FA_rich,mixed_B,I_rich,FA_rich__mixed_B__I_rich,I_rich,FA_rich
406,train_413,413,413,1.66,MA_rich,Pb_rich,I_rich,MA_rich__Pb_rich__I_rich,I_rich,MA_rich
407,train_414,414,414,1.51,Cs_rich,Pb_rich,I_rich,Cs_rich__Pb_rich__I_rich,I_rich,Cs_rich
408,train_415,415,415,1.833,MA_rich,Pb_rich,Br_rich,MA_rich__Pb_rich__Br_rich,Br_rich,MA_rich
409,train_416,416,416,1.59,MA_rich,Pb_rich,I_rich,MA_rich__Pb_rich__I_rich,I_rich,MA_rich
410,train_417,417,417,1.35,FA_rich,Sn_rich,I_rich,FA_rich__Sn_rich__I_rich,I_rich,FA_rich
411,train_418,418,418,2.36,FA_rich,Pb_rich,Cl_containing,FA_rich__Pb_rich__Cl_containing,Cl_containing,FA_rich
412,train_419,419,419,1.29,FA_rich,Sn_rich,I_rich,FA_rich__Sn_rich__I_rich,I_rich,FA_rich
413,train_420,420,420,1.53,FA_rich,Sn_rich,I_rich,FA_rich__Sn_rich__I_rich,I_rich,FA_rich
415,train_423,423,423,2.01,MA_rich,Pb_rich,Br_rich,MA_rich__Pb_rich__Br_rich,Br_rich,MA_rich
416,train_424,424,424,1.916,Cs_rich,Pb_rich,mixed_halide,Cs_rich__Pb_rich__mixed_halide,mixed_halide,Cs_rich
417,train_425,425,425,2.39,FA_rich,Pb_rich,Cl_containing,FA_rich__Pb_rich__Cl_containing,Cl_containing,FA_rich
418,train_426,426,426,1.275,FA_rich,mixed_B,I_rich,FA_rich__mixed_B__I_rich,I_rich,FA_rich
422,train_430,430,430,1.72,FA_rich,Pb_rich,mixed_halide,FA_rich__Pb_rich__mixed_halide,mixed_halide,FA_rich
423,train_431,431,431,1.751,MA_rich,Pb_rich,mixed_halide,MA_rich__Pb_rich__mixed_halide,mixed_halide,MA_rich
424,train_432,432,432,1.48,MA_rich,mixed_B,I_rich,MA_rich__mixed_B__I_rich,I_rich,MA_rich
425,train_434,434,434,1.61,FA_rich,Pb_rich,mixed_halide,FA_rich__Pb_rich__mixed_halide,mixed_halide,FA_rich
428,train_437,437,437,1.57,MA_rich,Pb_rich,I_rich,MA_rich__Pb_rich__I_rich,I_rich,MA_rich
429,train_438,438,438,1.354,FA_rich,Sn_rich,I_rich,FA_rich__Sn_rich__I_rich,I_rich,FA_rich
430,train_439,439,439,1.7,FA_rich,Pb_rich,mixed_halide,FA_rich__Pb_rich__mixed_halide,mixed_halide,FA_rich
432,train_441,441,441,1.59,MA_rich,Pb_rich,I_rich,MA_rich__Pb_rich__I_rich,I_rich,MA_rich
433,train_442,442,442,1.72,FA_rich,Pb_rich,mixed_halide,FA_rich__Pb_rich__mixed_halide,mixed_halide,FA_rich
436,train_445,445,445,2.161,MA_rich,Pb_rich,Br_rich,MA_rich__Pb_rich__Br_rich,Br_rich,MA_rich
438,train_447,447,447,1.625,MA_rich,Pb_rich,I_rich,MA_rich__Pb_rich__I_rich,I_rich,MA_rich
441,train_450,450,450,1.68,MA_rich,Pb_rich,I_rich,MA_rich__Pb_rich__I_rich,I_rich,MA_rich
442,train_451,451,451,2.88,MA_rich,Pb_rich,Cl_containing,MA_rich__Pb_rich__Cl_containing,Cl_containing,MA_rich
443,train_452,452,452,1.55,MA_rich,Pb_rich,I_rich,MA_rich__Pb_rich__I_rich,I_rich,MA_rich
445,train_454,454,454,1.42,FA_rich,Sn_rich,I_rich,FA_rich__Sn_rich__I_rich,I_rich,FA_rich
446,train_455,455,455,1.3,FA_rich,mixed_B,I_rich,FA_rich__mixed_B__I_rich,I_rich,FA_rich
449,train_458,458,458,1.38,FA_rich,Sn_rich,I_rich,FA_rich__Sn_rich__I_rich,I_rich,FA_rich
450,train_459,459,459,1.56,MA_rich,Pb_rich,I_rich,MA_rich__Pb_rich__I_rich,I_rich,MA_rich
452,train_461,461,461,1.27,MA_rich,mixed_B,Br_rich,MA_rich__mixed_B__Br_rich,Br_rich,MA_rich
458,train_467,467,467,1.6,MA_rich,Pb_rich,I_rich,MA_rich__Pb_rich__I_rich,I_rich,MA_rich
459,train_468,468,468,1.791,MA_rich,Pb_rich,mixed_halide,MA_rich__Pb_rich__mixed_halide,mixed_halide,MA_rich
461,train_470,470,470,1.249,FA_rich,mixed_B,I_rich,FA_rich__mixed_B__I_rich,I_rich,FA_rich
463,train_473,473,473,1.715,FA_rich,Pb_rich,mixed_halide,FA_rich__Pb_rich__mixed_halide,mixed_halide,FA_rich
464,train_474,474,474,1.62,MA_rich,Pb_rich,I_rich,MA_rich__Pb_rich__I_rich,I_rich,MA_rich
465,train_475,475,475,1.393,FA_rich,mixed_B,I_rich,FA_rich__mixed_B__I_rich,I_rich,FA_rich
466,train_476,476,476,1.278,MA_rich,mixed_B,I_rich,MA_rich__mixed_B__I_rich,I_rich,MA_rich
469,train_479,479,479,1.31,FA_rich,mixed_B,I_rich,FA_rich__mixed_B__I_rich,I_rich,FA_rich
471,train_481,481,481,1.924,MA_rich,Pb_rich,Br_rich,MA_rich__Pb_rich__Br_rich,Br_rich,MA_rich
473,train_483,483,483,1.38,MA_rich,Sn_rich,I_rich,MA_rich__Sn_rich__I_rich,I_rich,MA_rich
476,train_486,486,486,1.2,MA_rich,mixed_B,I_rich,MA_rich__mixed_B__I_rich,I_rich,MA_rich
477,train_487,487,487,1.82,MA_rich,Pb_rich,mixed_halide,MA_rich__Pb_rich__mixed_halide,mixed_halide,MA_rich
479,train_489,489,489,1.76,FA_rich,Pb_rich,mixed_halide,FA_rich__Pb_rich__mixed_halide,mixed_halide,FA_rich
480,train_490,490,490,1.75,MA_rich,Pb_rich,mixed_halide,MA_rich__Pb_rich__mixed_halide,mixed_halide,MA_rich
481,train_491,491,491,1.855,MA_rich,Pb_rich,Br_rich,MA_rich__Pb_rich__Br_rich,Br_rich,MA_rich
482,train_492,492,492,1.77,MA_rich,Pb_rich,mixed_halide,MA_rich__Pb_rich__mixed_halide,mixed_halide,MA_rich
483,train_493,493,493,1.4,FA_rich,Sn_rich,I_rich,FA_rich__Sn_rich__I_rich,I_rich,FA_rich
484,train_494,494,494,2.35,Cs_rich,Pb_rich,Br_rich,Cs_rich__Pb_rich__Br_rich,Br_rich,Cs_rich
486,train_496,496,496,2.57,MA_rich,Pb_rich,Cl_containing,MA_rich__Pb_rich__Cl_containing,Cl_containing,MA_rich
487,train_497,497,497,1.55,MA_rich,Pb_rich,I_rich,MA_rich__Pb_rich__I_rich,I_rich,MA_rich
488,train_498,498,498,1.29,FA_rich,mixed_B,I_rich,FA_rich__mixed_B__I_rich,I_rich,FA_rich
489,train_499,499,499,1.69,MA_rich,Pb_rich,I_rich,MA_rich__Pb_rich__I_rich,I_rich,MA_rich
490,train_500,500,500,1.26,MA_rich,mixed_B,I_rich,MA_rich__mixed_B__I_rich,I_rich,MA_rich
491,train_501,501,501,1.29,MA_rich,mixed_B,I_rich,MA_rich__mixed_B__I_rich,I_rich,MA_rich
492,train_502,502,502,1.62,MA_rich,Pb_rich,I_rich,MA_rich__Pb_rich__I_rich,I_rich,MA_rich
493,train_503,503,503,1.43,MA_rich,mixed_B,I_rich,MA_rich__mixed_B__I_rich,I_rich,MA_rich
494,train_504,504,504,1.18,MA_rich,Sn_rich,I_rich,MA_rich__Sn_rich__I_rich,I_rich,MA_rich
495,train_505,505,505,1.72,FA_rich,Pb_rich,mixed_halide,FA_rich__Pb_rich__mixed_halide,mixed_halide,FA_rich
496,train_506,506,506,1.31,FA_rich,mixed_B,I_rich,FA_rich__mixed_B__I_rich,I_rich,FA_rich
497,train_507,507,507,1.26,MA_rich,mixed_B,I_rich,MA_rich__mixed_B__I_rich,I_rich,MA_rich
498,train_508,508,508,1.25,FA_rich,mixed_B,I_rich,FA_rich__mixed_B__I_rich,I_rich,FA_rich
500,train_510,510,510,1.603,Cs_rich,Pb_rich,I_rich,Cs_rich__Pb_rich__I_rich,I_rich,Cs_rich
502,train_512,512,512,2.11,MA_rich,Pb_rich,Br_rich,MA_rich__Pb_rich__Br_rich,Br_rich,MA_rich
504,train_515,515,515,3.13,MA_rich,Pb_rich,Cl_containing,MA_rich__Pb_rich__Cl_containing,Cl_containing,MA_rich
505,train_516,516,516,1.79,Cs_rich,Pb_rich,Br_rich,Cs_rich__Pb_rich__Br_rich,Br_rich,Cs_rich
